id	tweet	predicted_label
32117	LÃ¼tfen orospu Ã§ocuÄŸu olmayÄ±nÄ±z karakterini siktiklerim	OFF
19772	#FazlaSÃ¶zeGerekYok   -adamlarÄ± bÃ¼yÃ¼ttÃ¼ler sonra terÃ¶rist ilan ettiler.      -eee yani ne demek istiyorsun? *.Ã‡OCUÄU FETÃ– elebaÅŸÄ± terÃ¶rist deÄŸil mi?      Ben bu gece belayÄ± bulurum bakalÄ±m hayÄ±rlÄ±sÄ±..	OFF
45591	"ya bu insanlar harbiden hardcore geri zekalÄ±. klinik psikolog olacak bir densiz cluster b Ã¼zerine yazdÄ±ÄŸÄ±m ÅŸeyi gÃ¶rÃ¼p ""ilgin var mÄ±?"" diyor."	NOT
19221	@USER @USER @USER @USER @USER @USER @USER @USER EleÅŸtiriye tahammÃ¼l edemeyen insanlarla tartÄ±ÅŸmam. Siz bÃ¶yle dediniz emriniz baÅŸÃ¼stÃ¼ne deyip beynime mi hÃ¼kmedeceksiniz? Fikirlerim mi deÄŸiÅŸecek? KaldÄ± ki gidin de bir seÃ§menle konuÅŸun bir zahmet! NasÄ±l oy kaybettiÄŸimizi gÃ¶rÃ¼rsÃ¼nÃ¼z.	NOT
42464	@USER @USER Fransaâ€™da veya Avrupaâ€™nÄ±n diÄŸer bir Ã¼lkesinde, bir meclis baÅŸkanÄ±nÄ±n Ã§Ä±kÄ±p, â€œkadÄ±nÄ±n sesli gÃ¼lmesi, ahlaksÄ±zlÄ±ktÄ±râ€ diyebildiÄŸini duydunuz mu? Veya Diyanet Ä°ÅŸleriâ€™nin kadÄ±nÄ± dÃ¶vebilirsiniz, erkek kÄ±z Ã§ocuÄŸuna karÅŸÄ± ÅŸevhet duyabilir dediÄŸine ÅŸahit oldunuz mu?	NOT
16596	#HayvanaSiddetSuctur tecavÃ¼zcÃ¼ mÃ¼ebbet, iÅŸkenceci caydÄ±rÄ±cÄ± sÃ¼rede hapis cezasÄ± almalÄ±. Bu dÃ¼nyanÄ±n sahibi ne sensin ne benim. Herkes haddini bilsin artÄ±k.	NOT
23913	yarÄ±m saattir izliyorum bu adam ne yaptÄ±da sarÄ± gÃ¶rdÃ¼ diye.Ã¶ncesinde uyarÄ± falanda almadÄ± ananÄ±zÄ± sikeyim sizin ben ya orospu Ã§ocuklarÄ±	OFF
33358	@USER @USER O gÃ¼n sÃ¶ylenen senin iddian gibi olsaydÄ± biz ortalÄ±ÄŸÄ± ayaÄŸa kaldÄ±rÄ±rdÄ±k   Bir defa derken kurum kapatmak Ä±srarÄ± Ã¼zerine 'kurumda bir defa gÃ¶rÃ¼lmÃ¼ÅŸ' anlamÄ±nda sÃ¶ylenmiÅŸ bir sÃ¶z idi   Milli EÄŸitimde Ã§alÄ±ÅŸan malesef sÃ¶zde Ã¶ÄŸretmenlerin yaptÄ±ÄŸÄ± ahlaksÄ±zlÄ±k iÃ§inde okullar mÄ± kapansÄ±n	NOT
21940	@USER Mutsuzlugunun farkÄ±nda olmayankendini mutlu sanan insanlarÄ± gÃ¶rdÃ¼kce Ã¼rperiyorum,Fernando Pessoa	NOT
30888	"YÃ¼ce rabbim, kullarÄ±na ""saÄŸdan gidiniz"" skilli mi ekleseydin acaba ya. Benimki sadece fikir, yine sen bilirsin tabi."	NOT
17646	Ã‡ok bir ÅŸey istemiyorum ÅŸu hayatta; bir sevgili mesela, Ã§alÄ±ÅŸabilir durumda bir beyini olsun  Kendini vazgeÃ§ilmez gÃ¶rmesin yeter.	NOT
17610	@USER Kimse kusura bakmasÄ±n benim orospusu Ã§ocukluÄŸu yapacak insanlara saygÄ± gÃ¶sterecek ahlakÄ±m yok bunlara saygÄ± gÃ¶steren yarÄ±n kÃ¼Ã§Ã¼k Ã§ocuklara musallat olanlarada saygÄ± gÃ¶sterir ğŸ˜ 	NOT
24227	@USER 6 gun oncede burdan yazdim ayni sorunu.ayni cevabi ogunde verdiniz.yine ayni cevap..bu kadar zor olan nedir.ya baglarsiniz yada olmuyor der kaparsiniz.	NOT
16870	Ey Ãœstad!   27.SÃ¶z,mÃ¼slÃ¼manlarÄ± gayretin ve bu ulvÃ® dinin hizmetine teÅŸvik ediyor. Sanki ufukta bir hedef, ehl-i iman iÃ§in de bir rehber   Barla	NOT
18491	#seniniÃ§in Ã¶lÃ¼rÃ¼m demek isterim lakin Ã¶ldÃ¼kten sonrasÄ± tehlike anne evladÄ±nÄ± bÄ±rakÄ±rken sen beni tekme tokat dÃ¶versin cennete girmek iÃ§in o yÃ¼zden birbirimizi kandÄ±rmayalÄ±m lÃ¼tfen	NOT
12902	Kendi derdim bana yetmiyormuÅŸcasÄ±na gece gece La Casa de Papelde Moskova'nÄ±n Ã¶ldÃ¼ÄŸÃ¼ bÃ¶lÃ¼mÃ¼ izledim gÃ¶zyaÅŸlarÄ±m ekranÄ± gÃ¶rmemi engelliyor ÅŸu an	NOT
10470	Åeref ekmek bulamazken ÅŸerefsiz bulur	OFF
41193	YaptÄ±ÄŸÄ±nÄ±z hatayla deÄŸil yaptÄ±ktan sonraki duruÅŸunuzla soÄŸutuyosunuz insanlarÄ± kendinizden	NOT
10449	Seni benden daha fazla seven birini bulamazsÄ±n Bulursan da onun anasÄ±nÄ± avradÄ±nÄ±  @USER	NOT
25454	@USER BurasÄ± bazÄ± insanlar iÃ§in kamuflaj gÃ¶revi yapÄ±yor. GerÃ§ek hayatlarÄ±nÄ±n pisliÄŸi ve sapkÄ±nkÄ±ÄŸÄ±nÄ±, burada yarattÄ±klarÄ± hayali karakterler ile kapatÄ±yorlar...	NOT
38013	@USER Amin inÅŸallah cook mutlu olurlar.tatli dil,gÃ¼ler yÃ¼zle aÃ§Ä±lmayacak kapÄ± yokdur.hele kalbin kapÄ±sÄ± ,AnlayÄ±ÅŸ sevgi ile birlesince   sonuna kadar aÃ§Ä±lÄ±r, Ã‡ifte Ã¶mÃ¼r boyu mutluluklar   dileklerimle bir yastÄ±k da kocasÄ±nlar.ğŸŒ¹â¤ğŸğŸ¦‹ğŸ™‹â€â™€ï¸	NOT
40258	@USER @USER @USER Anayasa Mahkemesi kapatÄ±lÄ±p Ä°stiklal Mahkemeleri aÃ§Ä±lÄ±p terÃ¶ristler, katiller, sapÄ±klar Ã¶nce gebertilip daha sonra mahkeme ilamlarÄ± cesetlerine iÄŸnelensin	NOT
23126	Kalbim gÃ¼mbÃ¼r gÃ¼mbÃ¼r sanki TÃ¼rkiye'ye geleceÄŸinizi aÃ§Ä±kladÄ±nÄ±z    Bir fotoÄŸrafla bu hale geldim      @USER	NOT
37474	@USER KumbahÃ§e Mahallesi SakallÄ± Sokak da ÅŸebeke hattÄ± patlamÄ±ÅŸ. Su boÅŸa akÄ±yor. AyrÄ±ca sokak Ã§ok pis ve Ã§ok ilgisiz!  Yeni yÃ¶netime duyurulur! @USER	NOT
42240	Kafama koyduÄŸumu yaptÄ±ÄŸÄ±ma gÃ¶re normale dÃ¶nmÃ¼ÅŸÃ¼mdÃ¼r.BÃ¶yle olmaya devam edecem ğŸ‘€#cumartesi	NOT
31766	@USER Ã–NCE BÃœTÃœN OYLARI BÄ°R SAYSADIYDINIZ. SONRA GEÃ‡ERSÄ°ZLERE BAKARDINIZ.	NOT
11335	HiÃ§ kuÅŸku yok ki yaptÄ±ÄŸÄ±m en doÄŸru ÅŸey; kendini vazgeÃ§ilmez sanan insanlardan uzaklaÅŸmak oldu...	NOT
11421	@USER @USER Ä°sminin yanÄ±na kullanÄ±cÄ± adÄ±nÄ± yaz yarÄ±n sÄ±navda bence ahsjjdkf	NOT
30773	@USER @USER Buna 2 sene Ã¶nce gulmemis miydiniz ya	NOT
23175	@USER @USER @USER Git Ã¶nce adÄ±nÄ± TÃ¼rkÃ§e koy sonra gel burda konuÅŸ !!	NOT
16616	iÅŸi gÃ¼cÃ¼ bÄ±rakÄ±p, sÄ±rtÄ±na bir Ã§anta alÄ±p yollara dÃ¶kÃ¼len plaza Ã§alÄ±ÅŸanÄ± haberlerinden nefret geldi. madem kendini doÄŸaya verdin siktir git niye gazeteye Ã§Ä±kÄ±yorsun habire	OFF
36437	DindarHÃ¼kÃ¼mete ZeminHazÄ±rladÄ± Ä°mamoÄŸlu'nun vip gÃ¶rÃ¼ntÃ¼leri ortaya Ã§Ä±ktÄ± ne it ne de ÅŸerefsiz kelimesi geÃ§iyor.Allah'tan korkmaz kuldan utanmaz bunlar	OFF
39361	Tevazusuna da ayrÄ±ca hayran kaldÄ±m.Bize yerleÅŸen algÄ±da bir milletvekilinin deÄŸil koli taÅŸÄ±maya yardÄ±m etmesi kendi kolilerini taÅŸÄ±masÄ± bile Ã¼topik bir olay Ã¼stelik kendini son dakikaya kadar tanÄ±tmadan.OlayÄ±n ÅŸokuyla yeterince teÅŸekkÃ¼r edemediÄŸim iÃ§in teÅŸekkÃ¼rÃ¼mÃ¼ buraya bÄ±raktÄ±m	NOT
29211	Herkese hoÅŸt bazÄ±larÄ±na gel pisi pisi bilmem anlatabildim mi	NOT
43473	karÄ±sÄ±nÄ± konusmak isteyen paylasmak isteyen varmi ? #cuckoldcift #cuckoldistanbul #cuckoldkocaadayÄ± #cuckoldÃ§iftler #cuckoldtÃ¼rkiye #karÄ±mÄ±sikin #karÄ±sÄ±nÄ±siktirenler gavat pasif #gavatkocalardm   #gavat  #boynuzluko cuckold ensest #ensest	OFF
25214	@USER @USER @USER Ã‡aÄŸdaÅŸ? KadÄ±nÄ± sex objesi gibi reklamlar,da oynatmak iÃ§ki masalarÄ±na meze etmek batÄ± nÄ±n efendiliÄŸine itaat edip haÃ§lÄ± birliÄŸi nin asli uyesi olmak mÄ± Ã§agdaÅŸlÄ±k...	NOT
12820	@USER @USER Orospu Ã§ocuÄŸu hemde katÄ±ksÄ±z 32 yaÅŸÄ±ma geldim ama bÃ¶yle iyi olgunlaÅŸmÄ±ÅŸ orospu Ã§ocuÄŸu zor bulunur !!	OFF
33265	Ben: Arya aÅŸÄ±ÄŸÄ±m sana kÃ¶peÄŸin olayÄ±m muhteÅŸem bir karaktersin       GoT sezon 7 ve 8: Arya nin karakter geliÅŸimini nasÄ±l piÃ§ ederim?	NOT
28901	@USER @USER maalesef aynen bÃ¶yle olur. Bunu engellemenin tek yolu, geldiÄŸi hÄ±zla geri Ã§Ä±kma riski olan sÄ±cak paranÄ±n yerine, kalÄ±cÄ± yabancÄ± yatÄ±rÄ±mlarÄ± Ã§ekecek gÃ¼ven ve istikrar altyapÄ±sÄ±nÄ± oluÅŸturacak adÄ±mlar atmak. Ama sorunu yanlÄ±ÅŸ tespit ettiÄŸimiz iÃ§in Ã§Ã¶zÃ¼mÃ¼ de yanlÄ±ÅŸ yerde arÄ±yoruz.	NOT
39713	@USER Zaten biz cok ahlakliydik filmler ahlak bozuyodu bu rutuk vergi kazanmak iÃ§in yapmadiysa bende piÃ§im	NOT
35413	Pervane olan kendini gizler mi hiÃ§ alevden?Â    Sen istedin ondan bu gÃ¶nÃ¼l tutuÅŸtu.	NOT
25900	benim kafama sÄ±ksanda durmam olm ben, sevilmeye devam ederim falan mÄ± dediniz? naptÄ±nÄ±z evladÄ±m siz?	NOT
22241	AÄŸa sÄ±rtÄ±nÄ± kÃ¶ye doÄŸru dÃ¶ner sonra sorarmÄ±ÅŸ:   'Ula Hasso, ahali bakiy mi?   'Hasso cevap verirmiÅŸ: 'Evet aÄŸam, hepisi de bir olmuÅŸ, pencerelerden bakir.   'AÄŸa Ã§isiyle karÄ±n Ã¼zerine imzasÄ±nÄ± atarmÄ±ÅŸ 'Abdullah Cizrelioglu'. Sonrada bir nokta koyarmÄ±ÅŸ ve sorarmÄ±ÅŸ:   -Hala bakirler mi?	NOT
44086	9. sÄ±nÄ±fta ÅŸiir defteri tutardÄ±k hocalar kendiniz de 5 tane ÅŸiir yazÄ±p getirin demiÅŸti tabi benim ÅŸiirle ilgim Ã§ok ya neyse yazÄ±cak hiÃ§bir ÅŸey bulamayÄ±nca yabancÄ± ÅŸarkÄ±larÄ±n tÃ¼rkÃ§elerini yazÄ±p vermiÅŸtim hoca defterleri geri verirken baya beÄŸendim ne gÃ¼zel yazÄ±yomuÅŸsun demiÅŸti...	NOT
33189	Ben gerÃ§ek hesabimla yazÄ±yorum @USER isimle ÅŸahÄ±s sen @USER tÄ±rnaÄŸÄ± olamazsin milleti tehdit edip sindirmeye calisamazsin kendi pisliginde bogulursun unutma	NOT
15099	@USER medeniyet ÅŸehri diyarbakÄ±rÄ± pis laÄŸÄ±m aÄŸzÄ±nla anma. Ã¶nce aÄŸzÄ±nÄ± yÄ±ka. senin ne haddine koca ÅŸehre hakaret ediyorsun	NOT
15752	Orospu Ã§ocuÄŸu maymun Green amÄ±nakodumun Ã§ocuÄŸu eÅŸÅŸek orospu Ã§ocuÄŸu senin ananÄ±n amÄ±na koyim ben orospunun oÄŸlu	OFF
44752	@USER Lan sen ÅŸehit cenazesini nasÄ±l aÄŸzÄ±na alÄ±yorsun.Ã§okmu gÃ¼cÃ¼ne gitti yÃ¼reÄŸi yaralÄ± analara destek veren sanatÃ§Ä±lar.pkk ya hdp ye hep can suyu verdiniz.hdp ye her evden bir oy verdiniz.birde utanmadan arlanmadan TC yazmÄ±ÅŸsÄ±n ismin Ã¶nÃ¼ne.Ã§ok ÅŸerefsizsiniz.	OFF
17925	@USER @USER @USER @USER BunlarÄ±n  alayÄ± Osman Rasim c....anladÄ±nÄ±z sanÄ±rÄ±m	NOT
31328	"AynÄ± korkunÃ§ sevdadÄ±r   GÃ¶kte bulut,dalda kayÄ±sÄ±.   BaÅŸlar koymaÄŸa hapislik.   KaranlÄ±k can sÄ±kÄ±ntÄ±sÄ±...   ""KÃ¼rdÃ¼n gelini""ni sÃ¶yler maltada biri,   Bense volta'dayÄ±m ranza dibinde   Ve hep olmayacak ÅŸeyler kurarÄ±m,   GÃ¼lÃ¼nÃ§,acemi Ã§ocuksu..."	NOT
23626	@USER ğŸ˜€ kadÄ±nÄ±n sana yazdÄ±ÄŸÄ± cevap buydu.	NOT
13319	@USER Ya bi siktir git allahÄ±n Ã¼Ã§Ã¼ncÃ¼ takÄ±mÄ±	OFF
31713	Tam bir klasik. Koca okulda kapÄ±sÄ±nda kuyruk olan tek sÄ±nÄ±f benimkisi. Benden sonra gelen de yol	NOT
34551	#GameofThrones  finalde Arya net Dany'i Ã¶ldÃ¼rÃ¼r.  7 sezon  boyunca iÅŸlediÄŸiniz tÃ¼m karakterleri milleti sasirticaz diye piÃ§ etmiÅŸsiniz	NOT
35455	CHP her seÃ§imde â€œdÃ¼nyayÄ± kurtaracak liderâ€ diyerek birini pazarlÄ±yor. Sonra da lider diye pazarladÄ±klarÄ± seÃ§imi kaybedince adÄ±nÄ± bile anmÄ±yor! En son Muharrem Ä°nceâ€™yi de bÃ¶yle pazarladÄ±lar. Sonra kapÄ± Ã¶nÃ¼ne koydular.	NOT
41148	@USER @USER Takibini yok takibe aldÄ±m   DÃ¶nerse soraxan geÃ§erli sebebi yoksa engelli gÃ¶stereceÄŸim nasÄ±l   AtÄ±lÄ±yor	NOT
10955	@USER MÃ¼slÃ¼man dediÄŸin dÃ¼rÃ¼st olur. DÃ¼rÃ¼st mu yÃ¶netenler. Her iki sÃ¶zden biri yalan. TÃ¼rk dediÄŸin adaletli olur adalet var mÄ± sizde. Kendi fetoya her istediÄŸini verdi ama bankaya para yatiranlar hapiste. CumhurbaÅŸkanÄ± dediÄŸin tarafsÄ±z olur  seninki kendi gibi olmayanÄ± terÃ¶rist iln edyr	OFF
31774	@USER Gordunuz mu ne kadar kotuymus ahlaksizca is yapmak secimle gelen secimle gider. Mustafa Cengizâ€™e darbe yapmayacaktiniz!!! @USER	NOT
34031	@USER Gezizekali kendini birÅŸey bildiÄŸini sanÄ±yor.kul o tarihte hangi manada kullanÄ±lÄ±rmÄ±ÅŸ bir Ã¶ÄŸren diyecemde nasÄ±l....	NOT
14816	â€œBirazdan hava aydÄ±nlanacak. Bu iÅŸe en Ã§ok yanmayan o patlak sokak lambasÄ± sevinecek. Kendini gereksiz hissetmenin nasÄ±l bir his olduÄŸunu bilirsin.â€	NOT
43890	GÃ¶zyaÅŸlarÄ± sende iÄŸreti durur, gel mutabÄ±k olalÄ±m hÃ¼zÃ¼nlerle.   Ben seni anlatayÄ±m; sen kendini anlat.	NOT
10526	@USER @USER @USER @USER @USER Nesibe baÅŸkanÄ±n kardeÅŸine hayrÄ± yok bi siz kaldÄ±nÄ±z zaten	NOT
17938	@USER @USER Size terÃ¶rist dediler, Meral AkÅŸener'in namusuna laf ettiler ama siz gidip el etek Ã¶pÃ¼p, elini sÄ±ktÄ±nÄ±z. Helal olsun Size ne mide varmÄ±ÅŸ..	OFF
43457	@USER E hoÅŸgeldiniz geÃ§ kaldÄ±nÄ±z ama	NOT
35185	benim anlamadÄ±ÄŸÄ±m yixing sigara iÃ§se ne iÃ§mese ne, bu sizi zerre ilgilendirmez haddinizi bilin	NOT
33620	@USER Åair burda bende orospuyum demek istemis	NOT
42178	@USER Gerizekali kadÄ±n eski karÄ±sÄ±, istedigi ile olur, ayni ÅŸeyi erkek yapsa erkektir yapar olur cahil yobazlar	OFF
16135	Yemin ederim Ã§Ä±ldÄ±rÄ±cam kÄ±z sevgilisinin yanÄ±na yÃ¼zÃ¼ne nemlendirici bile sÃ¼rmeden pijamalarÄ±yla gidiyor ve 1 yÄ±ldÄ±r birlikteler D E L I R I C E M !   SIZ BILMIYORSUNUZ ILAHI ADALET SIZEDE KENDINI GÃ–STERECEK PISLIKLER	NOT
28472	Annenenize babanÄ±za demediniz o kadar seni seviyorum diye o nolcak'	NOT
12858	Koltuk sevdasÄ±na gelince Ã¼lke gÃ¼ndemi bir anda deÄŸiÅŸiyor genÃ§lere gelince ses yok unutmayÄ±n seÃ§imle geldiniz seÃ§imle gidersiniz verilen sÃ¶zler tutulmali ve maÄŸduriyetler ortadan kaldÄ±rÄ±lmalÄ±    ğŸ‘‡ğŸ‘‡ğŸ‘‡ğŸ‘‡ğŸ‘‡ğŸ‘‡ğŸ‘‡ğŸ‘‡ğŸ‘‡ğŸ‘‡ğŸ‘‡   BedelliGelmedenOyYok   @USER @USER @USER	NOT
30756	Bu olayÄ± iktidar yada muhalefete mal eden gerizekalÄ± provakasyoncu gÃ¼ruha sesleniyorum. Hepiniz o pis kanÄ±nÄ±zda o ÅŸerefsiz adi orospu Ã§ocuklarÄ±yla boÄŸulacaksÄ±nÄ±z! #NewZealand	OFF
16089	Ben sevdim eller almadÄ± kendisi orospuydu da gitti...   KaÅŸar olduÄŸu iÃ§in kaÅŸar seviyordu ben fazla geldim tabi	NOT
27360	@USER @USER @USER @USER @USER @USER @USER @USER @USER @USER @USER @USER @USER @USER Deniz karataÅŸ anca dolandÄ±cÄ±rÄ± bir ÅŸerefsiz olur	NOT
35881	Bana bak ezik sen bana kemik uzatacak kalibrede biri deÄŸilsin..bana kemik uzatmadan Ã¶nce eÄŸer sen de o gÃ¶t varsa yÃ¼zÃ¼nÃ¼ gÃ¶ster yÃ¼zÃ¼nÃ¼.ğŸ˜‚haddini bilecek fazla ileri gitmeyeceksin yoksa ben seni kendine getirmesini bilirimğŸ˜‚seni bulur o kemikleri sakladÄ±ÄŸÄ±n yere gÃ¶merim.ğŸ˜‚ğŸ˜‚	OFF
33136	Ok o zaman ÅŸÃ¶yle diyim;HiÃ§ kimse benim Ã¶zgÃ¼rlÃ¼k alanÄ±ma giremez bÃ¼tÃ¼n yobazlarÄ±n ecdadÄ±nÄ± sikeyim	NOT
33455	MÄ°ZAHI Ä°YÄ° OLAN KIZ DÄ°YE BÄ°R ÅEY MÄ° VAR AMK HANGÄ° KIZ O KAPASÄ°TEDE ALLAH AÅKINA KANDIRMAYIN BÄ° KENDÄ°NÄ°ZÄ° YA	OFF
23845	nar ayiklamanin zorlugundan bahsetmis biri.   aslinda cok kolay, youtubeda izlemistim ve denedim.   nari ikiye kesersin .su dolu bir kabin ustunde tutup   kasikla sirtina sirtina vurursun. tum taneler kendini suya birakir.   suz ve kasikla;)	NOT
20511	@USER @USER Bu arkadaÅŸ iÅŸletmesinin adÄ±nÄ± sÃ¶yleyebilir mi ? Merak ettim, bir uÄŸrayayÄ±m, Bodrum'dayÄ±m malum :d	NOT
46203	@USER @USER Ayy keÅŸke bir de fotoÄŸraf Ã§ekseydiniz ne tarafa gidiyor izmire mi Ä°stanbulâ€™a mÄ± ğŸ˜ğŸ™ˆğŸ¤²	NOT
22663	@USER @USER in evini basan itler delikanliysan kandile Ã§Ä±kÄ±p savassinlar yada terÃ¶rist baÅŸÄ± nin olduÄŸu Ä°mralÄ± yi bassinlar	NOT
33928	@USER Hepinizin kÃ¶kÃ¼nÃ¼ kazÄ±ycaz. Bir TÃ¼rk'Ã¼n, akan bir damla kanÄ±na karÅŸÄ±lÄ±k sizin 7 ceddinizin anasÄ±nÄ± okuycaz. Gebereceksiniz ÅŸerefsiz o. Ã§ocuklarÄ±	OFF
17339	Neden kendinizi yÄ±pratÄ±yorsunuz?iÅŸinizle gÃ¼cÃ¼nÃ¼zle ilgilenin...bu iÅŸi ehillerine bÄ±rakÄ±n..ğŸ˜‚sizden istenen tek ÅŸey dua dua dua..hayatÄ±nÄ±za kaldÄ±gÄ±nÄ±z yerden sabÄ±rlÄ± ÅŸekilde devam edin...	NOT
36755	Bu kadar Ã¶nemsediginiz bir sÄ±nava da bir zahmet erkenden gidip yerinizi alÄ±n. Kendi sorumsuzlugunuz iÃ§in de baÅŸkalarÄ±na bÃ¶yle pis pis cÃ¼mleler kurmayÄ±n lÃ¼tfen.	NOT
44559	@USER TarÄ±maAcil AtamaPakdemirli   TarÄ±m ve Orman BakanlÄ±ÄŸÄ±nda    ğŸ‘‰Atamalar orman kÄ±smÄ±na   ğŸ‘‰Projeler orman kÄ±smÄ±na      2. Ã§eyrekte norm bitecek, ardÄ±ndan atama dediniz...      Norm bitti... Bahane kalmadÄ±...   Ama 2 yÄ±ldÄ±r olduÄŸu gibi yine TARIMA ATAMA YOK!   #ZiraatMÃ¼hendisleriAtamaBekliyor.9	NOT
43404	ÅŸerefsiz evladÄ± 2 yÄ±l bitti 3 olcak hala bekliyom ki sosyal medya hesabÄ± aÃ§sÄ±n cinlerden perilerden mi alÄ±caz haberini kahpe :(	OFF
18670	hiÃ§ Ã§icek satmazmÄ±ÅŸ Ã§ingeneler,    orospularÄ± o yaÄŸmur Ä±slatmazmÄ±ÅŸ   sen geÃ§erken,	NOT
32949	Ben yokken planladÄ±nÄ±z. Ben yokken yaÅŸadÄ±nÄ±z. Benim haberim bile olmadan hayatÄ±mÄ± bitirdiniz.Neler olup bittiÄŸini anlatacak kadar yÃ¼reÄŸiniz bile yok ulan.  Ama koskocaman bir ah aldÄ±nÄ±z. HiÃ§ birinize zerre hakkÄ±mÄ± helal etmiyorum. Kininizde boÄŸulun. Bitti. Sikeee sikeee bitti !	NOT
26775	@USER @USER @USER @USER @USER AyrÄ±ca birÃ§ok kiÅŸinin Adli para cezasÄ± bulunuyor. Cezaevinden Ã§Ä±ktÄ±ktan sonra bu belada var yani. Saati 10â‚ºden kamuda Ã§alÄ±ÅŸ veya 20â‚ºden gÃ¼nlÃ¼k aÃ§Ä±kta yat. AynÄ± dosyadan hem para hem hapis cezasÄ± alan mahkum sayÄ±sÄ± da Ã§ok fazla. APC iÃ§in de bir Ã§alÄ±ÅŸma varmÄ± hiÃ§ bir bilgi yok.	NOT
41888	KAHREDER   Dosya baÅŸÄ± deÄŸilde toplamdan indirim infaz dÃ¼zenlemesiyle ÅŸikayetten vazgeÃ§ilen kamu hapis cezasÄ±ndan yatanlar, Ã¶mÃ¼rlÃ¼k cezalÄ± mazlumlar kalacak!   CezasÄ± az olanlar mÄ± Ã§Ä±kacak... @USER    Ä°ftira yalanla ÅŸikayetÃ§i olandan ceza olmayanlar iÃ§in kamu cezasÄ± toplam 35 yÄ±l	NOT
17157	"@USER @USER ""AmÄ±na koymak"" kÃ¼frÃ¼nÃ¼ de dine imana sÄ±ÄŸdÄ±rabildiniz ya Allah bin tÃ¼rlÃ¼ belanÄ±zÄ± verir kardeÅŸim dikkat et."	OFF
34194	@USER Ben de Ramazan orucu iÃ§in sÃ¶ylemedim. Sizin paylaÅŸtÄ±ÄŸÄ±nÄ±z ayette anlatÄ±lmak istenen sizin sÃ¶zleriniz deÄŸildir, demek istedim. Siz ne demek istediniz?	NOT
45505	Ã‡Ã¼nkÃ¼ topluluk Hans Zimmer i taniyor, biliyor. Ayni konseri TÃ¼rkiye'de ver Ã§Ä±kÄ±ÅŸta sÃ¼rprizi beÄŸendiniz mi diye sor, sÃ¼rpriz neydi diye sorarlar...	NOT
13945	@USER off bu nasÄ±l bi laf sokuÅŸtur allam yarebbim nolur kaydet numaramÄ± noolur orospu cocuÄŸu	OFF
21632	GerÃ§ek adÄ±nÄ± gizleyerek hesap aÃ§Ä±nca Ã¶nÃ¼ne gelene bÃ¶yle hakaret etmek, zavallÄ± bir eÄŸlence tÃ¼rÃ¼ oluyor herhalde. Bitmedi vegan nefretiniz. Ä°nadÄ±na yaÅŸam hakkÄ±, inadÄ±na hayvan Ã¶zgÃ¼rlÃ¼ÄŸÃ¼!	NOT
23835	@USER @USER @USER AllahIn baÅŸka iÅŸi yoktu,Ã§omar yaratsÄ±n bir de ÅŸerefi de o onunla yollasÄ±n. IrkÃ§Ä± ve yobaz olmayan TÃ¼rk kardeÅŸlerimi tenzih ederek..	NOT
12181	ApartmanÄ±n adÄ±nÄ± unutmamak iÃ§in evdeki kediye ismini verdik	NOT
28992	Oglum biraz kendinize gÃ¼venin lan.yarÄ±n evlenince karinizi sikerler valla bÃ¶yle devam ederseniz	NOT
29274	Telefonumu sÄ±fÄ±rladÄ±m da numaralÄ± kayÄ±t ederken eski konuÅŸmalara  baktÄ±m WP'den, ben hazÄ±rlÄ±kta mutlu insanmÄ±ÅŸÄ±m. Ä°yi niyete olan inancÄ±m, insanlara gÃ¼vencim hepsi yok olmuÅŸ. GerÃ§i iyi de olmuÅŸ. Bu RUHSUZlaÅŸmamÄ±n tek sebebi  ise kÃ¼fÃ¼re bile layÄ±k olmayan ÅŸerefsiz bir arkadaÅŸ.....	NOT
15303	@USER @USER   SaÄŸlÄ±k ocaÄŸÄ±na telefonla randevu alma fikriniz baÅŸarÄ±lÄ± olmadÄ±ÄŸÄ± gibi kargaÅŸaya yol aÃ§tÄ±ÄŸÄ±nÄ± bilin lÃ¼tfen. SaÄŸlÄ±k ocaklarÄ±nda numaratÃ¶r var sÄ±ra veriyor muayenemizi oluyorduk neden zorlaÅŸtÄ±rdÄ±nÄ±z ?	NOT
42172	Ahlak, namus deyince sadece kadÄ±ndan konuÅŸan herkes ahlaksÄ±z ve namussuzdur.	NOT
33717	Insan bazen kendini, yaptÄ±klarÄ±nÄ± gÃ¶remiyor. Hata da yapabiliyor. Ben de bazen saÃ§ma sapan davranabiliyorum. Bunun iÃ§in eleÅŸtiriye aÃ§Ä±ÄŸÄ±m. DediÄŸim gibi dozunu aÅŸmadÄ±ÄŸÄ± mÃ¼ddetÃ§e.	NOT
43246	Kendinizi fazla mÄ± Ã¶nemsiyorsunuz sanki ?	NOT
14210	TÃ¼m konuÅŸtuklarÄ±mÄ± tÃ¼m sÃ¶zlerimi Ã§Ã¶p torbasÄ±na koyup aÄŸzÄ±nÄ± sÄ±kÄ±ca baÄŸlamak bir elimde torbayÄ± tutup bir ayaÄŸÄ±mla ona vura vura yÃ¼rÃ¼mek istiyorum . Ne demek ben anladÄ±nÄ±z sanÄ±yorken beni hiÃ§ anlamadÄ±nÄ±z ?	NOT
25979	#ensest #tÃ¼rbanlÄ± #cuckold #cumtribute #swinger #sex #sanal  #pasif #kÃ¶le  #seks #dm   #azgÄ±n #milf #ifÅŸa #liseliaktif #sikiÅŸ #porno #porn #tekerkek #am #evliÃ§ift #gavat #dul #azdÄ±m annesini karÄ±sÄ±nÄ± kÄ±zÄ±nÄ± siktirmek isteyen  sert seven dmdeyim genc sikiciyim ğŸ·sadece sikiciyim	OFF
24048	"Kendinize ait olan hayatÄ±, baÅŸkalarÄ±nÄ± memnun etmek iÃ§in kullanmayÄ±n...! ""HayÄ±rlÄ± Cumalar"""	NOT
21599	@USER Tam olarak katÄ±lmÄ±yorum, yanlÄ±z faÅŸist tarafÄ± benziyor. Avrupa saÄŸÄ± Ã¼lkesinde yabancÄ± istemez. TÃ¼rkiye solu Ã¼lkesinde yabancÄ± mÃ¼dahalesi ister vatandaÅŸÄ± olduÄŸu toplumu istemez.	NOT
31669	YarÄ±n bayrammÄ±ÅŸ gibi seÃ§imi bekleyen kÃ¼Ã§Ã¼k bir Ã§ocuk gibiyim sanki.    Rabbim bize vatan hainleriyle iÅŸ tutanlar karÅŸÄ±nda yeni bir zaferi daha tatdÄ±rmayÄ± nasip et.   #MemleketiÅŸigÃ¶nÃ¼liÅŸi	NOT
41237	@USER @USER senin amÄ±nÄ± bizim ata siktircem amÄ±na koyim	OFF
38237	@USER Memurlar arasÄ±nda kast sistemi yarattÄ±nÄ±z? 4A, 4B, 4+2 ve 3+1 diye kendini iÃ§lerinde ayrÄ±mcÄ±lÄ±k oluÅŸturdunuz. ArtÄ±k ikinci sÄ±nÄ±f deÄŸil Ã¼Ã§Ã¼ncÃ¼, dÃ¶rdÃ¼ncÃ¼ sÄ±nÄ±f memurlar oluÅŸtu. Sizin eÅŸitlik, adalet anlayÄ±ÅŸÄ±nÄ±z bu mu sayÄ±n @USER??      #4BliSÃ¶zleÅŸmelilereKadro	NOT
37326	@USER KaÅŸarlÄ± orospu Ã§ocuÄŸusun belli..Ama seni yakalayÄ±p yaÄŸlÄ± kazÄ±ga oturturken   SÃ¶ylediklerinide buradan yayÄ±nlarlar elbet..	OFF
29753	@USER Bu ben benim yazÄ±da Ã§ok kÃ¶tÃ¼ edebiyat hocasÄ± okuyamÄ±yorum sÄ±nav kaÄŸÄ±dÄ±nÄ± diye sitem ediyordu nmnmbjbv	NOT
34685	@USER @USER @USER @USER @USER    Ne yapmÄ±ÅŸ bu Mahmut Tanal ?   TerÃ¶ristleri TBMM ye almak istemiÅŸ.   OrtaklÄ±k bÃ¶yle olur mu diyor ?	NOT
19629	@USER Benim 'dine inanmÄ±yorum ' gibi bir cÃ¼mleden bahsettiÄŸimi gÃ¶rdÃ¼nÃ¼z mÃ¼ yazÄ±mda? HayÄ±r. Ã‡Ã¼nkÃ¼ Ã¶yle bir ithamda bulunmadÄ±m. KeÅŸke sadece yazÄ±nÄ±n bir kÄ±smÄ±na deÄŸil de tÃ¼mÃ¼ne odaklÄ± eleÅŸtirseydiniz beni. Belki o zaman gram anlaÅŸÄ±lma ihtimalim olabilirdi..	NOT
32527	TÃ¼rk bayraÄŸÄ±na tahammÃ¼l edemeyenlere sen mazbata ve yetki verirsen ey YSK ey gÃ¼zel devletim   TerÃ¶ristler hainler bitmez bu Ã¼lkede	NOT
24358	@USER @USER Bu vazgeÃ§meyi beceremeyen insanÄ±n kendini avutmasÄ±ndan baÅŸka hiÃ§ bir ÅŸey deÄŸildir.	NOT
38141	@USER AyrÄ±mcÄ±lÄ±ktan bahsediyorlar ahlaksÄ±zlÄ±ÄŸÄ±n arttÄ±ÄŸÄ±nÄ± sÃ¶ylÃ¼yorlar doÄŸru biraz hadlerini aÅŸtÄ± ahlaksÄ±zlar	NOT
27506	@USER @USER @USER TÃ¼m bu tartÄ±ÅŸmalarÄ±, rap'i, ÅŸehinÅŸahÄ±, khontkar'Ä± hepsini siktiret   Bi Ã§ocuk ya daha el kadar. Sen bÃ¶yle bir cÃ¼mlenin iÃ§inde el kadar Ã§ocuÄŸun ismini geÃ§irebiliyosan, git ve psikolojik destek al insanlÄ±ÄŸÄ±nÄ± sorgula	NOT
17930	"Var bir ÅŸeyler iÃ§imde tuttuÄŸum ama bunu kimseye sÃ¶yleyemiyorum sanki sÃ¶ylesem ""ilgi Ã§ekmek istiyor"" diyeceklermiÅŸ gibi korkuyorum bÃ¶yle de mÃ¼tevazi bi orospu Ã§ocuÄŸuyum mrb"	NOT
43529	@USER @USER Bebelerini kaÃ§Ä±ranlarÄ±n , bebeleriyle tehdit ederek aldÄ±klarÄ± oy ne kadar geÃ§erlidir? Ne kadar seÃ§me Ã¶zgÃ¼rlÃ¼ÄŸÃ¼dÃ¼r? Bu hainlerin demokratik haklarÄ±nÄ± Ã¶zgÃ¼r iradeleriyle kullananlarÄ±n oyu ile geldiÄŸini dÃ¼ÅŸÃ¼nenler ahmaktÄ±r. TÃ¼m HDPâ€™li belediyelere ACÄ°L KAYYUM ATANMALIDIR.	NOT
10412	@USER BÃ¼yÃ¼k palavra. Nice sanatÃ§Ä±lar sporcular yazarlar bÃ¼yÃ¼k baÅŸarÄ±lar elde etti ve Ã§ok da seviliyorlar. Ä°nsanlarla geÃ§inemeyip onlarÄ±n fikirlerine saygÄ± duymayanlarÄ±n dÃ¼ÅŸman kazanmalarÄ±nÄ± baÅŸarÄ± olarak gÃ¶rmesi aptalca	NOT
44607	@USER MiraÃ§ sen 0rspu Ã§0cuÄŸusun, Ã¶yle olmasaydÄ±n kitlen yok diye faÅŸist kitleyi Ã§ekmeye Ã§alÄ±ÅŸmazdÄ±n.	NOT
40800	@USER Ä°ÅŸlerim var belki sanane yarrak  boÅŸ olduÄŸumda da gayet tadÄ±nÄ± Ã§Ä±karÄ±yorum	NOT
15972	@USER Ben de senden farklÄ± deÄŸilim hadi yapalÄ±m ğŸ˜‚ğŸ˜‚ #AdÄ±nÄ±SenKoy #ErkanMeriÃ§ #HazalSubaÅŸÄ± #ZehÃ–m #HazEr	NOT
19106	@USER Mustafa Bey, bence bu Siyasal Ä°slamcÄ±lar MeriÃ§'te, Ege'de, hapishanelerde Ã¶lenlere Ã¼zÃ¼lmesin,sahip Ã§Ä±kmasÄ±nlar, gerek yoktur. Daha sonra onu da Ã¶vÃ¼nÃ§ meselesi yaparlar. Allah kalplerini mÃ¼hÃ¼rlemiÅŸ zaten.	NOT
43766	@USER @USER once ihaleleri daha onceki belediye kac ay ne kadara vermis siz simdi kac ay ne kadara verdiniz aciklayin..belediye yardÄ±mlarÄ± belediye hizmetlerinde yyaptiginiz kesinti ve kapatmalari aciklayin proje hic yok sonra tasarrufta bulunun	NOT
36393	@USER @USER @USER YaÅŸa mustafa kemal paÅŸa mÄ± buraya bi Ã¼nlem koyğŸ˜‰   SÄ±rrÄ± sakÄ±k mustafa kemalin itleri mi demiÅŸti buraya baÅŸka bir Ã¼nlem   SÄ±rrÄ± kim hdp hdp kim pkk pkk kim pyd bunlara terÃ¶rist demeyen kim kemal seÃ§im iÃ§in koltuk iÃ§in  ortaklÄ±k yaptÄ±klarÄ±nÄ±z kim hdp hdp kim Ã¼nlem   AnladÄ±n sanÄ±rÄ±m!	OFF
29277	@USER merhabalar.      istanbuldan mehmet ben.yanlÄ±z yaÅŸÄ±yorum bekarÄ±m.      kiÅŸilik karakter olarak kendine gÃ¼venen yalan konuÅŸmayan dÃ¼rÃ¼st ve aynÄ± zamanda azgÄ±n bir bayan arkadaÅŸ arayÄ±ÅŸÄ±ndayÄ±mğŸ˜Š      No:0853 168 43 09      Not:sapiklar beni rahatsÄ±z etmesin lÃ¼tfen.	NOT
23772	Sizin oynayacaÄŸÄ±nÄ±z topa sokayÄ±m sezon sonunda hiÃ§ birinizi gÃ¶rmek istemiyorum siktirin gidin !!!	NOT
17983	@USER @USER toplarÄ±n Ä°zmir'den atÄ±lmasÄ± bÃ¼yÃ¼k bir anlam taÅŸÄ±yor. atÄ±ldÄ±ÄŸÄ± yer atÄ±ldÄ±ÄŸÄ± yÃ¶n Ã§ok Ã¶nemli. toplar her zaman bize hainlik yapan Avrupa Ã¼lkelerine doÄŸru atÄ±ldÄ±. BaÅŸkanÄ±mÄ±z her ÅŸeyi hesapla yapar	NOT
25498	seni insan yerine koyduÄŸum iÃ§in mandalinalar bile senden daha fazla insani Ã¶zellik taÅŸÄ±yordur	NOT
21961	@USER @USER @USER Ulke siz kalacaÄŸÄ±z diyen siz degilmiydinizki bir oy CHPKK ya bir oy HDPKK ya diyen chp ye oy veren tuncay Ã¶zkan degilmiydiki abd bizi iÅŸgal edecek bizde kabul edeceÄŸiz diyen siz satarsinizda biz bu vatani ne size ne sizin aÄŸa babanÄ±z abd ye nede abiniz israil e bÄ±rakmayÄ±z	OFF
39858	@USER @USER Aynaya bakÄ±yoruz karÅŸÄ±mÄ±za sÃ¼rekli tipsiz Ã¼lkÃ¼cÃ¼ler Ã§Ä±kÄ±yor. Ne kadar hayvan, tecavÃ¼zcÃ¼, hÄ±rsÄ±z ve eroincu varsa Ã¼lkÃ¼cÃ¼. EÄŸitim onlar iÃ§in ulumak olmuÅŸ. Ee iyi uluyanlar ama sizde doÄŸruya doÄŸru!	NOT
36126	@USER Bilal ErdoÄŸan nasÄ±l geÃ§iyor VIP den ? Millet Vekili filan mÄ± kendisi ? AyrÄ±ca yanÄ±nda chp milletvekilleri vardÄ± ona raÄŸmen geÃ§irtmediniz. DÃ¼pedÃ¼z provakasyon yapmaya Ã§alÄ±ÅŸÄ±yorsunuz. YazÄ±k nelerden medet umuyorsunuz.	NOT
19232	Ya siz niye bÃ¶yle kafayÄ± yediniz :(	OFF
28513	Seksten sonra Ã§ocuk olabilmesi iÃ§in kadÄ±nÄ±n da boÅŸalmasÄ± gerekseydi dÃ¼nya nÃ¼fusu ne kadar olurdu bin kiÅŸi filan heralde	NOT
30612	ben alex standall'a Ã§ok pis dÃ¼ÅŸtÃ¼m Ã¶zellikle o piercing'i felan	NOT
36497	Ulan can DÃ¼ndar sen ne ÅŸerefsiz bir adamsÄ±n yaaa	OFF
32531	@USER @USER Hasta ve yasli diye serbest kalmasi icin ortaligi ayaga kaldirdiniz.madem belediye baskani olacak kadar saglikli niye hapiste deÄŸil	NOT
31245	ay Ã§ok masum siktir git yavÅŸak bildiÄŸinde naptÄ±n sanki Ã§ukurdan kovdun oÃ§	OFF
36985	@USER Sabit fikirlilik insanÄ±n kimyasÄ±nda   YapÄ±sÄ±nda olan bir ÅŸey   Bir Ã¶rnek vereyim   CHP gurup baÅŸkan vekili   Engin Altay   ÅÃ¶yle dedi   Ä°ktidar dÃ¼nyanÄ±n en gÃ¼zel hizmetinide yapsa   Bizim gÃ¼zel deme gibi bir mecburiyetimiz yok dedi iÅŸte sabit   Fikir   Sizde ak Parti'ye olur olmaz haksÄ±zlÄ±k yamayn	NOT
32130	GÃ¶kten orospu Ã§ocuÄŸu yaÄŸsa sana ayna dÃ¼ÅŸer bil bakalÄ±m neden	OFF
14447	@USER Turksat abonesiyim.Hd yayÄ±n diye hd decoderi kakaladÄ±nÄ±z.1.kanal hariÃ§ HD yazan  tÃ¼m kanallarÄ±nÄ±z sd yayÄ±n  yapÄ±yorğŸ˜¬ğŸ˜¬PeÅŸin Ã¶dediÄŸim iÃ§i katlandÄ±m ama yeni sezonda ya Turksatta da tÃ¼m kanallarÄ±nÄ±z  Ã‡AKMA DEÄÄ°L GERÃ‡EKTEN HD olur.yoksa  iÅŸim OLMAZ	NOT
19946	SalÄ±na salÄ±na bir geliÅŸi var;   YanÄ±nda gÃ¶lgesi , ardÄ±nda izi...      Vermeyin eline ayna bu kÄ±zÄ±n:   Kendini gÃ¶rÃ¼rse unutur bizi.      Ã‚rif Nihad Asya	NOT
28548	@USER Kendini bilge ve belge ilan edip, nÃ¼fuzlu olduÄŸunu zanneden bunu da her twitinde dile getiren bir zat. Pek kaideye almÄ±yoruz.	NOT
18982	@USER atÄ±ÅŸÄ±ya bu ÅŸey degilmi, Allah in dinini hice sayip hristyan olan, soyunarak mankenlik yapip sonradan da din kitaptan bahseden ebu cehilin tohumu	NOT
36620	@USER @USER FetÃ¶ye en baÅŸta karÅŸÄ± Ã§Ä±kan cemaat. Ä°Ã§eriye sokmayÄ±n bunlarÄ± diye ikitdar partisine karÅŸÄ± Ã§Ä±kan hoca dediÄŸiniz o ÅŸarlatan amerikanÄ±n adamÄ± diye bas bas baÄŸÄ±ran ama bi tÃ¼rlÃ¼ kendini duyuramayan tek cemaattir.  SÃ¼leymanlÄ± cemaati. Sizde bu iftiralarla Ã§ok gÃ¼zel yere gelrsnz	NOT
21436	KeÅŸke piercingi olan sevgilim olsa piÃ§liÄŸine buluÅŸmaya mÄ±knatÄ±sla giderim	NOT
21709	@USER @USER @USER ben haberi okudum ve sana cevabÄ±m ÅŸudur: siktir lan dalyarak, yÃ¼ksek lisans Ã¶ÄŸrencilerinin yÄ±llÄ±k maliyeti 35 milyon $mÄ±ÅŸ yani takriben 215 milyon tl. diyanet 7.7 milyar tl Ã¶deneÄŸe ek 550 milyon tl Ã¶denek istedi. sizin gibilerin din, kitap aÅŸkÄ±ndan anasÄ± sikildi bu Ã¼lkenin	NOT
38609	Ã‡ocuÄŸa taciz oldu mu,Ã§ocuÄŸa tecavÃ¼z oldu mu yeri gÃ¶ÄŸÃ¼ inletirler...Bu 2 Ã§ocuk #pkk terÃ¶rÃ¼yle Ã¶ldÃ¼...Ã–ldÃ¼Ã¼Ã¼   TÄ±k yok ÅŸerefsizler de...	NOT
34830	@USER Sen ÅŸimdi vekilsin ve bu yapÄ±lanÄ± tavsip ediyorsun Ã¶ylemi amk.. PiÃ§i demokratik tepki ha amk piÃ§i sizin ben amk gavur ermeniler amk	OFF
26546	TeÅŸkilata ihanet eden hiÃ§ kimse benim kardeÅŸim deÄŸildir ve kanÄ± pistir.   Laf meclisten iÃ§eridir.	NOT
17436	@USER Ã‡Ã¶zÃ¼m sÃ¼reci ayaÄŸÄ±na tÃ¼nellere,hendeklere gÃ¶z yumup ordan gelen silahlarla mehmetÃ§iklerimizin ÅŸehit olmasÄ±na gÃ¶z yuman iktidarmÄ± sÃ¶ylÃ¼yor bunlarÄ±. Hainlik sÃ¶ylemde deÄŸil eylemdedir. Haddinizi bilin..oslo yu dolmabahÃ§eyi haburu megriyi sÃ¶ylemiyorum bile..!	NOT
34239	kadinlar neden hep aglio      ERKEKLERRRR SIZIN YUZUNUZDENNNNNNN diyeni aglatirim      buradaki her kadinin ortalama 7 adet offfff cok agladm bugun gidem de dusta sessizce aglayam kafami yastiga sokam aglayam minvalinde tivitleri var	NOT
41451	6222 kere ÅŸerefinize tÃ¼kÃ¼reyim pislikler iÃ§inde boÄŸulun inÅŸallah	NOT
12924	@USER Olm sizinle arenada oynÄ±ycaz kendinizi ona saklayÄ±n. Madem bu iÅŸler o kadar kolaydÄ± 3 tane yemeseydiniz. AlanyayÄ± hakemle yendiniz size hayÄ±rlÄ± iÅŸler birader. Malatya bizi kendi evimizde yenmesi mucize olur neyin algÄ±sÄ± bu !	NOT
33303	@USER @USER Nolur bulun bana ÅŸu iki orospu cocuÄŸunu ya	OFF
34035	@USER KomÃ¼nizm iÃ§in mÃ¼cadele eden piÃ§lermi AtatÃ¼rkâ€™Ã¼n yolundan gidiyordu.	NOT
13986	Bir kadÄ±nÄ± etkilemenin tek yolu onun seni istemesidir	NOT
32839	@USER PopÃ¼list solcu..   AslÄ±nda TR de saÄŸ Ã§ok daha sosyal , sol alabildiÄŸine faÅŸist.   Ama emperyalizmin beslemeleri bu detaylarla hiiiiÃ§Ã§ ilgilenmezler...	NOT
15693	"@USER ""TarafsÄ±z Haberci"" siz mi oluyorsunuz? Siz milleti geri zekalÄ± mÄ± sanÄ±yorsunuz? Senden ve Mortakaldan daha taraflÄ± gazeteci kim var?"	OFF
36886	Biz ayrÄ±mcÄ±lÄ±ÄŸa son iÃ§in her platformda kadro istedik siz sÃ¶zleÅŸmelilerinde kendi arasÄ±nda ayrÄ±mcÄ±lÄ±k Ã§Ä±kardÄ±nÄ±z bu Adalet deÄŸil #SÃ¶zlesmeliyeAyrÄ±msÄ±zKadro	NOT
13103	"@USER Benim inancÄ±ma gÃ¶re dedim Ã§Ã¼nkÃ¼ ""biz mÃ¼slÃ¼manlar"" Ã¼zerinden ahkam kesmek istemedim.:)DÄ°N hayatÄ±n kendisidir.DÄ°NÄ° HAYAT diye bir ayÄ±rÄ±ma zaten kÃ¶kÃ¼nden karÅŸÄ±yÄ±m. Ve bu hayatÄ±n referanslarÄ±nÄ± bu tek din olan Ä°SLAM Ã¼zerinden doÄŸru algÄ±ladÄ±ÄŸÄ±mÄ±z zaman Adem olan Ä°NSANLIK mertebesine"	NOT
21303	@USER Åu Belhanda piÃ§ini gÃ¶nderin amk arabistanâ€™da oynasÄ±n kafasÄ±nÄ± siktiÄŸim yobazÄ±nÄ±n iÅŸi ne burada	OFF
25800	Ne yaparsanÄ±z yapÄ±n.. Ä°sterseniz gidin kendinizi s*ktirin ! Ama asla birilerine FÄ°KRÄ°NÄ°ZÄ° VE ZÄ°HNÄ°NÄ°ZÄ° SATMAYIN !    Burada bitane â€œBeÅŸiktaÅŸâ€™Ä± savunuyorâ€   gibi gÃ¶rÃ¼nen erkeÄŸin OR*SPUSU var..   FahiÅŸeler ondan daha onurlu yaÅŸÄ±yor.	NOT
10500	Tatliss insanlar begenilerini gÃ¶steriyor art niyet barindrmadn sosyal mecralarda anca senin gibi varoslar evli adam dÃ»sÃ¼rÃ¼r sonra en yakin arkadaslarina verir falan fistan iste demem o ki orospu kisilik herkesi kendi gibi gÃ¶rÃ»r yanina yandas arama sen tek basina STARâ€™sinğŸ¤£ğŸ¤£â¤ï¸	OFF
34930	Hahash siz tepemize cikardiniz bu adami king king diye	NOT
38820	Bangtan askere gitse bile gruplarÄ±nÄ±z yine ilgi gÃ¶rmeyecek. Army yine BangtanÄ±n eski ÅŸarkÄ±larÄ±nÄ± dinliycek. Armyâ€™nin aradÄ±ÄŸÄ± ÅŸey kalite bu da gruplarÄ±nÄ±zda olmadÄ±ÄŸÄ±na gÃ¶re flop geldiniz floÄŸ gideceksiniz @USER	NOT
33429	@USER @USER @USER Hayvanlar mal, eÄŸlence aracÄ± deÄŸildir. Hayvan sÃ¶mÃ¼rÃ¼sÃ¼nden para kazanan ahlaksÄ±z sirklere yasak getirmeniz gerekirken, sizler onlarÄ± mÄ± davet ediyor sunuz? #AyÄ±p #hayvanÃ¶zgÃ¼rlÃ¼ÄŸÃ¼ #hayvanlaraadalet #hayvanhaklarÄ±	OFF
41347	@USER    SaygÄ±deÄŸer Hocam;      Sizin gibi, hayatÄ±nÄ±n merkezine dini almÄ±ÅŸ biri, haksÄ±zlÄ±k karÅŸÄ±sÄ±nda keÅŸke dememeli. HaksÄ±zlÄ±ÄŸÄ± yapanlarÄ± Allah'Ä±n ayetleriyle ikaz etmeli.      Size bu ÅŸekilde yazarak hadsizlik yaptÄ±ysam Ã¶zÃ¼r dilerim ama dÃ¼ÅŸÃ¼ncem bu.	NOT
36406	@USER 25 yÄ±llÄ±k Melih BaÅŸkan zamanÄ±nda ben yaÄŸmurdan Ã¶len kimseyi duymadÄ±m. Ama sizin ihmaliniz sonucunda maalesef vefat eden kiÅŸiler oldu. Bence kendinizi bir sorgulayÄ±n..	NOT
30552	AsÄ±l dava, kendini inÅŸa denen ÅŸeydi, insan olma, temiz kalma, dÃ¼nyanÄ±n saldÄ±rÄ±larÄ±na elden geldiÄŸince mukavemet etme davasÄ±ydÄ±.   ...   Belki de dÃ¼nyanÄ±n kirine pasÄ±na fazlaca bulaÅŸtÄ±ÄŸÄ±ndan, ÅŸiir, tasÄ±nÄ± taraÄŸÄ±nÄ± toplayÄ±p da gitmiÅŸti.	NOT
32988	@USER Bu ÅŸerefsizlerin maskesini dÃ¼ÅŸÃ¼rmek bize farz oldu	NOT
11908	@USER Åaka yaptÄ±nÄ±z deÄŸil mi bu gÃ¶rÃ¼ÅŸle. Yeni tabirle bizi trollediniz :)	NOT
38263	Asla baÅŸka insanlar Ã¼zÃ¼lmesin diye kendini Ã¼zme. Unutma sen kaldÄ±rabiliyorsan onlar da kaldÄ±rabilir.	NOT
26139	@USER @USER Aman sakÄ±nha oÄŸlun Ã¶lmÃ¼ÅŸ seÃ§ime kadar gÃ¶rmezden gel...biz halledecez Ã§Ã¼nkÃ¼ bizden daha ÅŸerefsizi yok!!! Bu adamÄ±n yaÅŸadÄ±ÄŸÄ± Evlat acÄ±sÄ±nÄ±n mislini birgÃ¼n gÃ¶rmeniz dileÄŸi ileğŸ˜¡seÃ§en seÃ§ilenden farksÄ±zdÄ±r ...	NOT
33673	@USER Merak ediyorum acaba ne sÃ¶ylÃ¼yor.Neden penaltÄ± vermediniz biz sizinle boyle mi anlastÄ±k mÄ± diyor?	NOT
31308	@USER  kardeÅŸim behzat Ã§ profilin var biraz diziyle ilgili paylaÅŸÄ±mlar yapsana, yeni bÃ¶lÃ¼mleriyle ilgili bilgiler edinip bilgi versene ya, behzatÄ±n ekmeÄŸiyle takipÃ§i kasÄ±yorsun sanÄ±rÄ±m.	NOT
13390	#AdliEÅŸitYasaÄ°leAdaleteGÃ¼ven   Ã–nce haince iÃ§erde Ã§Ã¼rÃ¼tÃ¼len canlarÄ±mÄ±z iÃ§in geniÅŸ kapsamlÄ± af sonra oy 8 milyon sÃ¶z veriyor @USER @USER @USER @USER @USER @USER @USER	NOT
29230	ATATÃœRK ve Ä°NÃ–NÃœ Ã¼lke kurtarÄ±p, devlet kurdular! Ancak, sahip Ã§Ä±kmadÄ±k ve yÃ¶netimini,  rusya'dan, ordan burdan gelmiÅŸ, TÃœRK olmayan sÄ±ÄŸÄ±ntÄ± hain, hÄ±rsÄ±z, cani   rus (laz-Ã§erkez-gÃ¼rcÃ¼-ermeni...), rum, yahudi, arap sinsilere teslim ettik. Bizi soyup, sÃ¼rÃ¼ndÃ¼rÃ¼yorlar! BÄ°RLÄ°K TÃœRK!	OFF
14718	HayatÄ±mda ilk defa bir sÄ±nav iÃ§in sabaha kadar ders Ã§alÄ±ÅŸtÄ±m artÄ±k tÃ¼m bunlara raÄŸmen veremezsem bu kendini bilmez eÅŸyacÄ±nÄ±n ahiret sorumluluÄŸuna dahil olacaktÄ±r	NOT
15387	@USER @USER Sizin o haddini bilmeyen baÅŸkanÄ±nÄ±nz HDP seÃ§menine saygÄ± gÃ¶sterip adam gibi oy istese belki anlayÄ±ÅŸ gÃ¶steriler. KalkÄ±p kapatacaz dersen doÄŸal hakettiÄŸi cevabÄ± alÄ±r.Ben senin yerinde olsadÄ±m SelocanÄ±n yazÄ±sÄ±nÄ± okuduktan sonra HDP oy verirdim.    YazÄ±k Ã§ok yazÄ±k Ã¼zÃ¼lÃ¼yorum Size..	OFF
43671	+hint sevmemek de Ä±rkÃ§Ä±lÄ±ÄŸa girmez	NOT
15199	@USER @USER @USER @USER @USER @USER @USER @USER @USER @USER @USER Ulan hayatÄ±mda bu kadar aptalÄ± bir arada gÃ¶rmedim	NOT
41312	Ä°yi oldu iyi helal olsun denizli bu kendini bilmez oyunculara ve yÃ¶netime bir tokat lazÄ±mdÄ±. Belki akÄ±llarÄ± baÅŸlarÄ±na gelir.	NOT
22570	Orospulukta erken teÅŸhis Ã§ok Ã¶nemli	NOT
27711	@USER Ne kadar seviyesiz bi insansÄ±n sen. sanki BTS videolarÄ± Ã§ok az izleniyor da bunlarÄ± sÃ¶ylemeye hakkin varmÄ±ÅŸ gibi geri zekalÄ± varlÄ±k. KÄ±zlara  hakaret etmicem ben Ã§Ã¼nkÃ¼ senin kadar dÃ¼ÅŸmedim...	NOT
17632	Hor baktÄ±k mÄ± karÄ±ncaya,   KÄ±rdÄ±k mÄ± kanadÄ±nÄ± serÃ§enin,   Vurduk mu karacanÄ±n yavrusunu,    Ya! Biz nasÄ±l kÄ±yarÄ±z insana...   H. H. Korkmazgil	NOT
27752	@USER Sen ahlaksiz bir adamsÄ±n. Kim bilir kaÃ§ gerillanÄ±n kaÃ§ mahsun Kurdun kaninin akmasinda parmaÄŸÄ±n vardÄ±r.	NOT
20300	@USER Seninle mesajlaÅŸÄ±rken aptalca gulumsememin sebebini kimse acÄ±klayamaz mesela	NOT
12067	Vatan ve bayrak sevgisiyle yetiÅŸen her vatandaÅŸ gibi bizlerde okullarÄ±mÄ±zda terÃ¶rist istemiyoruz ve gerekli mÃ¼cadelğŸ‘¥	NOT
30118	bi bitmediniz ya. Ne zaman bÃ¶yle diyen bir kÄ±z gÃ¶rsem istemsizce direk soÄŸuyorum ondan	NOT
10799	HiÃ§ yaÅŸanmamÄ±ÅŸ olmasÄ±ni istediÄŸiniz bir gÃ¼nÃ¼ yok saymak iÃ§in ne yapardÄ±nÄ±z ?	NOT
18658	HiÃ§bir ayrim yapmadan tum mazlum ve maÄŸdurlara sahip cikabildigimiz zaman dÃ¼nyada ve Ã¼lkemizdeki  zalimler devrilip gidecektir. HÃ¢lÃ¢ bu noktaya gelemedik herkes kendi maÄŸdurunu Ã¶ne Ã§Ä±karmasÄ± normaldir ama diÄŸer maÄŸdur ve mazlumlarÄ± da savunmak  insani ve dini sorumluluÄŸumuzdur	NOT
20837	Seni affedecek kadar olgunum ama tekrar gÃ¼venecek kadar aptal deÄŸilim. &W. Golding	NOT
41530	@USER HoÅŸtlan domuz oÄŸlu domuz domuzun sÃ¶zÃ¼ kabul olsa gÃ¶kten senin gibilerin leÅŸi yaÄŸardÄ± ÅŸerefsiz poseftik	OFF
29479	Bu tffdekilerle aziz yÄ±ldÄ±rÄ±m  Bi oyunmu onuyolar acaba  AlikoÃ§u yÄ±pratalÄ±m  bÄ±ktÄ±ralÄ±m Ã§ekip gitsin  yerine Azizi getirmek istiyorlar acaba  bu kadar hakem hatasÄ±  bu seneye kadar hic olmamaÅŸtÄ±   sonuna kadar AlikoÃ§ biz yÄ±ldÄ±ramaz sÄ±nÄ±z herkes haddini bile	NOT
22086	@USER Ulan sapÄ±k piÃ§ otel odalarinda ki sapikliklarin tescilli onlari da mi inkÃ¤r ediyorsun?Millet senin gibi bir bÃ¶ceÄŸe niye iftira atsÄ±n?Kimsin ulan sen?YaptÄ±ÄŸÄ± pislikleri saray yalakalÄ±ÄŸÄ± ile Ã¶rt bas eden Ã§akalÄ±n tekisin.Bak oÄŸlum iÃ§eri dÃ¼ÅŸersen ipne yaparlar seni orda.Rahat dur	OFF
45117	SayÄ±n @USER bakan deÄŸil gÃ¶ren olacaÄŸÄ±nÄ±zÄ± sÃ¶ylediniz. Fakat gelinen noktada mesleki etik ve ilkelerimize uygun bir yÃ¶netmeliÄŸimiz bile yok. GÃ¶rÃ¼ÅŸe sunduÄŸunuz taslak metin meslektaÅŸlarÄ±mÄ±zÄ±n sorunlarÄ±nÄ± Ã§Ã¶zmemiÅŸtir. Bir Ã¶nceki ile farkÄ± yoktur. #Ã‡aÄŸdaÅŸPdrYÃ¶netmeliÄŸi	NOT
35919	@USER @USER Bak kardeÅŸim. Bu adam (Cbbeli)bu konuÅŸmalarÄ±ndan veya baÅŸka dini sohbetlerinden para falan kazanmÄ±yor; ihtiyacÄ± da yok; babadan zengin; hatta cebinden para veriyor. KeÅŸke sen de yapabilsen.	OFF
41365	"@USER @USER BugÃ¼n de biz ""hanÄ±mÄ±m"" deriz. Ismi bir tek ona ve ehline sÃ¶ylenir. Bunu da planlayarak yapmayÄ±z. Bu elde olmayan bir hÃ¼rmet, onu sakÄ±nÄ±ÅŸÄ±mÄ±zÄ±n ifadesi olan bir jesttir. Annelerimizin ismini ""anne"" diye haber veririz. Yani buna da bazÄ±larÄ± delilik, yobazlÄ±k diyebilirler. Sorun yok"	NOT
39366	InsanÄ±n kardeÅŸ gibi kuzeninin olmasÄ± ne gÃ¼zel ya   Sen doÄŸru yolu gÃ¶remezsin o sana yol gÃ¶sterir   Yoksa aptal gibi diretecektim bu sevdayÄ±	NOT
10047	@USER @USER Evet evet ilahiyatÄ±n sapÄ±k ,hadis inkarcÄ±sÄ± ve ihlassÄ±z sÃ¶zde hocalarÄ±nÄ± toplumu zehirlemek iÃ§in kullanabilirsiniz bende bir ilahiyat Ã¶ÄŸrencisiyim ve herÅŸeye ÅŸahidim.	NOT
30592	@USER @USER A 101 e karakter gelmiÅŸ bi kaÃ§ kilo alsana kendine piÃ§	NOT
13593	Bir konserde Jin Ã¶pÃ¼cÃ¼k atarken gÃ¶zlÃ¼ÄŸÃ¼ Armylerin arasÄ±na fÄ±rlÄ±yor ve bir Army alÄ±yor ama bilin bakalÄ±m sonra noluyor    Army bighit amcaya ulaÅŸÄ±p gÃ¶zlÃ¼ÄŸÃ¼ geri jine gÃ¶nderiyor peki soru ÅŸu  SÄ°Z OLSANIZ GERÄ°  GONDERÄ°RMÄ°YDÄ°NÄ°Z #MTVLAKPOPBTS #PremiosMTVMIAW @USER	NOT
37813	SayÄ±n Ã‡ETÄ°N   1-Futbol imamÄ± E.B'nun transferini onaylamadÄ±ÄŸÄ±nÄ±zÄ± sÃ¶ylÃ¼yorsunuz.   GerekÃ§enizi de aÃ§Ä±klarmÄ±sÄ±mÄ±z?   2-GenÃ§ TC'ne karÅŸÄ± ayaklanma baÅŸlatan KÃ¼rt Sait'in albay lakaplÄ± Erganili tetikÃ§isii Åevki'nin torunudan kahraman yaratmanÄ±zÄ±n gerekÃ§esi nedir?   YalanlarÄ±na mÄ± inandÄ±nÄ±z?	NOT
17461	tuvaletin kapÄ±sÄ±nÄ± aÃ§amayÄ±nca dolu olduÄŸunu dÃ¼ÅŸÃ¼nÃ¼p kapÄ±sÄ±nda boÅŸa bekliyomuÅŸsun gibi bi hayat	NOT
31062	TÃ¼rkiyeâ€™de Ä±rkÃ§Ä±lÄ±k mÄ± var? Bu nefret sÃ¶ylemi deÄŸil midir? Proje gibi vallahi..	NOT
26390	Kitap, adÄ±ndan anlaÅŸÄ±lacaÄŸÄ± Ã¼zere, iki karakter ve Ã§evresindeki insanlarÄ±n hikayesini ele alÄ±r. Kitap, 1875 yÄ±lÄ±nda yayÄ±mlanÄ±r. Dikkatimi ilk Ã§eken, dÃ¶nem Ä°stanbul'unun, Ã§ok kÃ¼ltÃ¼rlÃ¼ halidir ki bu hal kitap karakterlerinin kÃ¶keninde kendini belli eder.	NOT
33531	"@USER @USER @USER Mayalamak tan kasÄ±t devletin bÃ¼tÃ¼n kurumlarÄ±na sÄ±zmak... FetÃ¶ bu Ã¼lkede mayalanirken hepiniz oradaydiniz...Tek baÅŸÄ±na bu sÃ¶ylem bile ""evet biz yaptÄ±k"" demektir. Kandirilmadiniz."	NOT
38841	Bir Ã¶rgÃ¼tÃ¼n Ã¼yelerinin bÃ¶lÃ¼nerek Ã§atÄ±ÅŸmasÄ± durumunda gÃ¶rÃ¼len durumdur, bu yaÅŸanan sÃ¼reÃ§. Bu hainleri diÄŸer hainlerden ayÄ±ran tek ÅŸey, fetÃ¶ nÃ¼n iktidar kanadÄ± olmalarÄ±dÄ±r.	NOT
19002	@USER Seninki maÃ§oluÄŸu sevmek deÄŸil kÃ¶rÃ¼ kÃ¶rÃ¼ne aptal gibi itaat etmek dÃ¼ÅŸÃ¼nce sistemine anlam verebilmiÅŸ deÄŸilim gerÃ§ekten	NOT
40667	en yakÄ±n arladasÄ±m beni fatmagÃ¼lÃ¼n suÃ§u ne'deki pis yengeye benzetiyor hsmdofÃ¶cpaÃ§dÄŸfÃ§sÃ¼d	NOT
16733	@USER BunlarÄ±nkide ayrÄ± ceza: KazanÄ±rlarsa Ã–zil ve GÃ¼ndoÄŸan sayesinde, onada Ä±rkÃ§Ä± ruhlarÄ± dolayÄ±sÄ±yla sevinemiyorlar ama kaybederlerse, #Ã–zil ve #GÃ¼ndoÄŸan golu atmadÄ±lar diye. Yani bizimle Ã¼zgÃ¼n, bizsiz hiÃ§ler!ğŸ¤“ğŸ˜‚	NOT
19100	Ä°yiler erken Ã¶lÃ¼r derler,ne zaman Ã¶lecegimi bilmiyorum ama sizden Ã¶nce Ã¶leceÄŸim kesin..      Diriyken ne hayrÄ±nÄ±z oldu AMK kimle ne bok pis iÅŸiniz varsa gÃ¶rÃ¼n benden uzak olunda.	OFF
10008	@USER Ondan sonra bu sapÄ±k adam sikini bana sÃ¼rttÃ¼.	NOT
30488	"@USER @USER Erdogan;daha birsey yokken""gÃ¼len'i bitirme planÄ± 2004 mgk""da Samimi sekilde imzaladi,bitmesi icin de,kendince;bÃ¼tÃ¼n adimlari dogru atti,Nasilki;Medya ve hassaten Dogan Grubununda Dogru attigi gibi.Sasilacak olan Cemaatin;Hayati ve olaylari okuyamamasi tabiri caizse apisip kalmasi"	NOT
36889	@USER @USER Hosgeldiniz abi sasirdik sizi gordugumuze burad	NOT
27299	Twitter da daha Ã¶nce atÄ±lmÄ±ÅŸ yererlerdi tekrar tekrar atÄ±p ve bu tweetler ilk defa gÃ¶rÃ¼p beÄŸenen bi gÃ¼ruh var siktirin gidin Facebookâ€™a amk	OFF
43985	@USER Merhaba. Ã–zÃ¼r dileyerek sormak istiyorum. Åimdi siz hain misiniz vatanperver mi.    HayÄ±r hainseniz ve sizi seven takip eden twitlerinizi beÄŸenenlerde ben de dahil hain mi oluyoruz. KÄ±sacasÄ± efendim sizi sevmeyenler niÃ§in sevmiyor?	NOT
10904	KardeÅŸim (14): Abla intihar etme yÃ¶ntemi sÃ¶ylesene bana      Ben: Bizim evden kendini at ne de olsa 12. Kat       KardeÅŸim: Yok o kesin Ã¶lÃ¼m olur       Acaba aklÄ±nda nasÄ±l bi intihar hayali kuruyor bu Ã§ocuk gdjsgdjsj	NOT
31224	@USER @USER Bunlar pislik akÄ±l.UydurulmuÅŸ Yahudi adetlerini Ã¼lkemizde utanmadan birde mevki ve para alarak pazarlÄ±yor namussuzlr	OFF
43112	the perfection (2019) filminin nesini beÄŸenmediniz zevksiz rezalet insanlar	NOT
43625	@USER @USER TarÄ±m ve Orman BakanlÄ±ÄŸÄ±nda    ğŸ‘‰Atamalar orman kÄ±smÄ±na   ğŸ‘‰Projeler orman kÄ±smÄ±na      2. Ã§eyrekte norm bitecek, ardÄ±ndan atama dediniz...      Norm bitti... Bahane kalmadÄ±...   Ama 2 yÄ±ldÄ±r olduÄŸu gibi yine TARIMA ATAMA YOK!   #ZiraatMÃ¼hendisleriAtamaBekliyor      OrmanAtandÄ± SÄ±raTarÄ±mda   3	NOT
35389	@USER Kendini Ã§ok yorma ve iyice dinlen	NOT
13370	Yani son dÃ¶nem Ä°nsanlÄ±k DeccalarÄ±n fitneleri ile anarÅŸizm ,ahlaksÄ±zlÄ±k ve dinsizliÄŸe kayÄ±p yoldan Ã§Ä±kÄ±nca Allah ebabil kuÅŸu gibi ceza ve uyarÄ± olarak yerde bir canlÄ± tÃ¼rÃ¼nÃ¼ helak edici olarak gÃ¶nderiyor..bu Dabbe-tÃ¼l ArzdÄ±r..	NOT
42788	@USER yÃ¼z altmÄ±ÅŸ bin kiÅŸi iÅŸinden atÄ±lÄ±p terÃ¶rist damgasÄ± vururken adeta soykÄ±rÄ±ma uÄŸrarken hak adÄ±na insanlÄ±k adÄ±na hukuk adÄ±na hiÃ§ bir itirazÄ±n olmadÄ± suÃ§larÄ± yoksa dÃ¶nerler  ne kadar zormuÅŸ deÄŸilmi allah yavaÅŸ yavaÅŸ kendi tartÄ±nÄ±zla tartÄ±yor sizi keÅŸke samimi olsanÄ±z ama nerde	NOT
32249	@USER abi bizim  adalet iÃ§iÅŸleri bakanlarÄ± ne yapmÄ±ÅŸ bunca ÅŸerefsizlige ragmen hiÃ§mi bu sandÄ±klarda gÃ¶rev yapan gorevlileri sorgula mamÄ±ÅŸlar yazÄ±klar olsun onlara feto sandÄ±k operasyonu  nda baÅŸarÄ±lÄ± oldu	NOT
22985	@USER @USER DÃ¶nmesine karÅŸÄ± deÄŸildim,Ã§ok iyi topÃ§u adam olur fayda saÄŸlar diyordum. Ama Arda uÃ§muÅŸ,kendini yok etmeye kararlÄ±.	NOT
40089	@USER Bknz ben. ZamanÄ±nda girseydim 3 e falan geÃ§mem gerkirdi ama bile isteye bidaha mezuna kaldÄ±m boÅŸ bi bolume gitmeltense mezuna kaldÄ±ÄŸÄ±n zaman iÃ§inde kendini biraz daha iyi tanÄ±yosun aslÄ±nda farklÄ± bi atmosfer oluyo kafayÄ±da yiyosun gerÃ§i biraz ama o ayrÄ± mesele:)	NOT
40755	@USER Her yanda inilti duymuyor kimse,   BayramÄ± gelmiÅŸ gÃ¼lmÃ¼yor kimse,   Åu suÃ§suz masumlarÄ±n suÃ§larÄ± neyse   Tez zamanda kurtar Allahâ€™Ä±m...   (VATANSEVER KHK LI TERÃ–RÄ°ST)	NOT
30165	@USER Mutluluk kapÄ±sÄ± kapandÄ±ÄŸÄ± zaman bir gÃ¼n mutlaka bir diÄŸeri aÃ§Ä±lÄ±rÂ    fakat kapalÄ± kapÄ±ya o kadar Ã§ok bakarÄ±z ki, yeni aÃ§Ä±lan kapÄ±yÄ± gÃ¶remeyiz.	NOT
18739	@USER Bu Ã¼lkenin deÄŸerlerine yapÄ±lan her tÃ¼rlÃ¼ saldÄ±rÄ± hakaret ve eylem cezalandÄ±rÄ±lmalÄ±. DÃ¼n ODTÃœ de yapÄ±lan ahlaksÄ±zlÄ±k bugÃ¼n AnÄ±tkabir' de yapÄ±lan AhlaksÄ±zlÄ±k arasÄ±nda bir fark yok. Gereken cezalar en aÄŸÄ±r perdeden verilmeli...	NOT
37460	Bu kÃ¶prÃ¼leri geÃ§en sene yapmamÄ±ÅŸ mÄ±ydÄ±nÄ±z ?  @USER  Belediye deÄŸiÅŸtiÄŸinden Ä°stanbulâ€™a eziyet etmek mi derdiniz ? 2 aylÄ±k bakÄ±m mÄ± olur ? Mahkeme kararÄ± mÄ± istersiniz iptal iÃ§in ?	NOT
37990	@USER @USER Bu Arap sokaÄŸÄ±nÄ± anlamadÄ±nÄ±z gitti. Daha doÄŸrusu onlar da anlamamÄ±ÅŸ. Bu â€œOne Minute sendromuâ€ geÃ§sin artÄ±k.	NOT
20228	@USER KadÄ±nlarÄ± anlayamÄ±yorum diyen erkek lar ekini cÄ±karÄ±p kadÄ±nÄ±nla ilgilen belki anlarsÄ±n	NOT
43226	@USER Lan ÅŸerefsiz terÃ¶rist @USER  sen bizim adÄ±mÄ±za nasÄ±l gÃ¶tÃ¼rÃ¼rsÃ¼n lan selamÄ± sana  toplu dava aÃ§ma Ã§alÄ±ÅŸmasÄ± baÅŸlattÄ±k az sabÄ±r ÅŸerefsiz	OFF
21323	#GÃ¶rselveTeknoyaAdilatama    Sanata gerekli Ã¶nemin, deÄŸerin verilmesi Ã¼midiyle. Bakan deÄŸil gÃ¶ren olacaÄŸÄ±nÄ±zÄ± sÃ¶ylediniz sesimizi de duyun lÃ¼tfenğŸ™   @USER @USER  @USER @USER  @USER	NOT
17666	@USER Ã‡ocuklara dokunmaktan ne zevk alÄ±rlar anlamam. Ama bu ÅŸerefsizliÄŸi yapan itlere iÅŸkence yapÄ±lmasÄ± lazÄ±m.	NOT
45472	2019 senesi Ã§ok ÅŸey aldÄ±n benden siktir git artÄ±k	NOT
35138	Bu Ã¼lke ne ara bu kadar aptal doldu! Åu taga yazÄ±lanlar saÃ§ baÅŸ yolduracak cinsten saÃ§malÄ±k barÄ±ndÄ±rÄ±yor.    #NamjinBestDancers	OFF
23650	CumhurbaÅŸkanÄ±mÄ±z ErdoÄŸan: Ben TÃ¼rkâ€™Ã¼m ama TÃ¼rkÃ§Ã¼ deÄŸilim. IrkÃ§Ä±lÄ±k bizim dinimizde yasaklanmÄ±ÅŸtÄ±r. #AndÄ±mÄ±zÄ°stiklalMarÅŸÄ±mÄ±zdÄ±r	NOT
28716	@USER Pardon da, TÃ¼rk devletinin OvacÄ±k'lÄ± komÃ¼nisti sevdiÄŸini nereden Ã§Ä±kardÄ±nÄ±z? Hazine OvacÄ±k'taki Ã¼Ã§ bÃ¼yÃ¼k araziyi ihaleye Ã§Ä±karmadÄ± mÄ±? Ya da akit HDP ile TKP'yi PKK'nÄ±n uzantÄ±sÄ± olarak gÃ¶stermedi mi haberinde?	NOT
